Movie,Description,Year,Director,Actor,Filming location,Country,Movie,User,Stars,Review
Gone in 60 seconds,A retired master car thief must come back to the industry and steal fifty cars with his crew in one night to save his brother's life.,2000,Dominic Sena,Nicolas Cage,Los Angeles,US,Gone in 60 seconds,Sam Pedro,4,Really good!
Gone in 60 seconds,A retired master car thief must come back to the industry and steal fifty cars with his crew in one night to save his brother's life.,2000,Dominic Sena,Leonardo Di Caprio,Los Angeles,US,Gone in 60 seconds,Peter Troll,3,Ok movie
Gone in 60 seconds,A retired master car thief must come back to the industry and steal fifty cars with his crew in one night to save his brother's life.,2000,Dominic Sena,Giovani Ribisi,Los Angeles,US,Gone in 60 seconds,Chris Bla,5,The best ever!
Gone in 60 seconds,A retired master car thief must come back to the industry and steal fifty cars with his crew in one night to save his brother's life.,2000,Dominic Sena,Nicolas Cage,Lone Pine,US,Gone in 60 seconds,Suzan Something,1,Worst Ever
Gone in 60 seconds,A retired master car thief must come back to the industry and steal fifty cars with his crew in one night to save his brother's life.,2000,Dominic Sena,Leonardo Di Caprio,Lone Pine,US,Gone in 60 seconds,Axel Ontheway,5,Really really good
Gone in 60 seconds,A retired master car thief must come back to the industry and steal fifty cars with his crew in one night to save his brother's life.,2000,Dominic Sena,Giovani Ribisi,Lone Pine,US,Inception,Mack Boe,4,Ok movie
Inception,A thief who steals corporate secrets through the use of dream-sharing technology is given the inverse task of planting an idea into the mind of a CEO.,2010,Christopher Nolan,Leonardo Di Caprio,Los Angeles,US,Inception,Peter Troll,2,The best ever!
Inception,A thief who steals corporate secrets through the use of dream-sharing technology is given the inverse task of planting an idea into the mind of a CEO.,2010,Christopher Nolan,Joseph Gordon Levitt,Los Angeles,US,Inception,Rik van der Kroon,3,Really good!
Inception,A thief who steals corporate secrets through the use of dream-sharing technology is given the inverse task of planting an idea into the mind of a CEO.,2010,Christopher Nolan,Ellen Page,Los Angeles,US,Inception,Sam Pedro,2,Empty
